id,first_name,last_name,email,gender,ip_address
1,Corrie,Fearick,cfearick0@dropbox.com,Genderqueer,187.148.123.58
2,Maje,Lambrick,mlambrick1@google.com.br,Male,98.251.189.219
3,Elijah,Colling,ecolling2@un.org,Male,84.94.57.7
4,Nichols,Schubart,nschubart3@is.gd,Bigender,172.125.208.76
5,Roi,Cousens,rcousens4@sina.com.cn,Non-binary,229.220.80.58
6,Haily,Innot,hinnot5@i2i.jp,Genderfluid,178.160.61.25
7,Crin,Handover,chandover6@over-blog.com,Male,172.79.57.228
8,Em,Petrasek,epetrasek7@infoseek.co.jp,Bigender,158.36.14.207
9,Madelyn,Edmans,medmans8@csmonitor.com,Male,251.97.109.33
10,Trudy,Chaim,tchaim9@mysql.com,Genderqueer,187.62.13.251
11,Mary,Thaxter,mthaxtera@purevolume.com,Genderqueer,154.17.161.136
12,Oates,McGill,omcgillb@amazon.co.uk,Genderfluid,126.149.13.243
13,Misty,Fowden,mfowdenc@netvibes.com,Agender,4.178.132.40
14,Cornela,Abbys,cabbysd@unblog.fr,Polygender,44.2.107.102
15,Cordelie,Pretious,cpretiouse@archive.org,Bigender,109.82.234.80
16,Kevan,Korejs,kkorejsf@jigsy.com,Non-binary,180.44.47.223
17,Raychel,Leonarde,rleonardeg@newyorker.com,Non-binary,193.149.107.213
18,Miner,Carress,mcarressh@redcross.org,Female,70.56.213.57
19,Angelia,Llorente,allorentei@chicagotribune.com,Genderfluid,194.251.77.93
20,Clerc,Gofton,cgoftonj@jiathis.com,Polygender,164.204.152.164
21,Dougy,Isacsson,disacssonk@miibeian.gov.cn,Agender,88.153.218.226
22,Alf,Sweatland,asweatlandl@discovery.com,Genderqueer,45.247.83.160
23,Lulita,Lugsdin,llugsdinm@reddit.com,Genderfluid,155.69.86.208
24,Othella,Isaksson,oisakssonn@ihg.com,Polygender,8.128.182.54
25,Torr,Drayton,tdraytono@senate.gov,Bigender,231.2.135.189
26,Diannne,Gillease,dgilleasep@apple.com,Agender,46.27.46.61
27,Torrey,Maudsley,tmaudsleyq@google.ru,Bigender,37.77.214.136
28,Dedie,Rodd,droddr@discovery.com,Agender,52.248.51.69
29,Iolanthe,Bolino,ibolinos@4shared.com,Non-binary,75.230.35.15
30,Julita,Randal,jrandalt@acquirethisname.com,Polygender,9.183.201.153
31,Ermin,Chilver,echilveru@wired.com,Bigender,221.109.108.1
32,Conway,Housego,chousegov@admin.ch,Polygender,140.221.11.238
33,Manon,Coyle,mcoylew@jigsy.com,Polygender,89.77.114.200
34,Ammamaria,Schneidar,aschneidarx@nhs.uk,Non-binary,178.235.205.44
35,Linoel,O'Donnell,lodonnelly@bloomberg.com,Polygender,238.176.100.186
36,Aldin,Treversh,atrevershz@blogspot.com,Genderqueer,182.208.201.80
37,Maryann,Daughtery,mdaughtery10@buzzfeed.com,Genderqueer,74.10.189.160
38,Prescott,Bonner,pbonner11@msn.com,Male,9.187.244.244
39,Ebeneser,Benwell,ebenwell12@phoca.cz,Genderqueer,50.64.110.134
40,Harwell,Lill,hlill13@globo.com,Bigender,87.244.236.4
41,Antonius,Greason,agreason14@biblegateway.com,Bigender,127.143.73.114
42,Alexa,Adlington,aadlington15@marketwatch.com,Bigender,131.169.168.222
43,Justis,Misk,jmisk16@flavors.me,Female,136.184.198.2
44,Chip,Rieme,crieme17@dropbox.com,Bigender,164.236.189.197
45,Dore,Fust,dfust18@pbs.org,Male,42.37.40.27
46,Kathleen,Bedell,kbedell19@apache.org,Genderfluid,19.95.51.172
47,Maryjane,Goldthorp,mgoldthorp1a@auda.org.au,Male,163.146.85.48
48,Cal,Van Hault,cvanhault1b@ning.com,Genderfluid,252.153.21.6
49,Agnesse,Whitsun,awhitsun1c@alexa.com,Genderfluid,219.171.145.67
50,Gert,Kenward,gkenward1d@youtube.com,Female,85.241.129.147
51,Hastie,Mount,hmount1e@google.it,Polygender,107.199.42.223
52,Laney,Chessor,lchessor1f@dailymail.co.uk,Male,37.35.158.49
53,Dru,Marshallsay,dmarshallsay1g@wikispaces.com,Bigender,92.215.75.20
54,Diarmid,Muxworthy,dmuxworthy1h@shareasale.com,Polygender,125.191.58.131
55,Brice,Fibbit,bfibbit1i@wunderground.com,Female,150.14.94.75
56,Dean,Cuffe,dcuffe1j@google.com.hk,Genderfluid,236.9.53.90
57,Barthel,Ovanesian,bovanesian1k@t-online.de,Genderqueer,75.37.93.218
58,Vassili,Pellingar,vpellingar1l@fema.gov,Female,52.11.172.76
59,Betteann,Eich,beich1m@ucla.edu,Male,208.21.183.16
60,Clarence,Mandifield,cmandifield1n@dagondesign.com,Non-binary,95.229.168.244
61,Elias,Walstow,ewalstow1o@liveinternet.ru,Female,156.43.31.192
62,Rolf,Geerits,rgeerits1p@w3.org,Polygender,114.171.120.125
63,Tanitansy,Bendix,tbendix1q@sakura.ne.jp,Polygender,218.115.224.0
64,Josi,Borer,jborer1r@dailymail.co.uk,Genderqueer,251.179.48.190
65,Giorgio,Mordy,gmordy1s@bluehost.com,Non-binary,138.58.19.122
66,Roslyn,Gregoratti,rgregoratti1t@microsoft.com,Female,137.51.164.56
67,Dorice,Viles,dviles1u@skype.com,Non-binary,120.91.7.241
68,Dareen,Cristofaro,dcristofaro1v@google.ca,Polygender,86.186.13.63
69,Corly,O'Monahan,comonahan1w@bizjournals.com,Genderqueer,245.2.170.119
70,Zulema,Rydings,zrydings1x@fda.gov,Female,166.25.236.86
71,Andriana,Vears,avears1y@imdb.com,Female,119.20.79.244
72,Gregoor,Cunio,gcunio1z@about.me,Genderqueer,61.93.113.82
73,Cazzie,Brear,cbrear20@fc2.com,Polygender,166.8.7.186
74,Nathaniel,Willars,nwillars21@miitbeian.gov.cn,Female,121.16.25.98
75,Rani,Matussow,rmatussow22@desdev.cn,Genderfluid,214.41.219.122
76,Guthrey,MacMeekan,gmacmeekan23@nature.com,Male,119.118.36.227
77,Clarey,Chitter,cchitter24@homestead.com,Female,181.202.174.123
78,Robers,Bazely,rbazely25@mediafire.com,Non-binary,254.118.80.137
79,Montague,Kelwaybamber,mkelwaybamber26@moonfruit.com,Non-binary,205.98.97.133
80,Shantee,Odell,sodell27@wikispaces.com,Bigender,42.101.239.116
81,Schuyler,Breawood,sbreawood28@jiathis.com,Polygender,109.8.107.217
82,Marj,Twiggs,mtwiggs29@unblog.fr,Polygender,128.104.86.88
83,Glendon,Yo,gyo2a@miibeian.gov.cn,Polygender,247.14.237.141
84,Cyndy,Mulvey,cmulvey2b@amazonaws.com,Polygender,40.20.173.97
85,Melamie,Delea,mdelea2c@dagondesign.com,Polygender,142.136.85.221
86,Harper,Sigward,hsigward2d@paypal.com,Genderfluid,207.204.152.78
87,Haley,Domone,hdomone2e@craigslist.org,Agender,62.46.12.108
88,Jedidiah,Tremollet,jtremollet2f@amazon.de,Polygender,250.115.69.65
89,Harli,Angeau,hangeau2g@yandex.ru,Genderqueer,98.107.191.244
90,Benedick,Goodrick,bgoodrick2h@sciencedaily.com,Bigender,240.10.174.79
91,Ericka,Delgadillo,edelgadillo2i@themeforest.net,Agender,131.113.16.123
92,Ody,Gallgher,ogallgher2j@google.de,Genderqueer,87.118.254.233
93,Blair,Syne,bsyne2k@go.com,Agender,187.100.53.191
94,Georgianna,Tremblett,gtremblett2l@pagesperso-orange.fr,Genderqueer,119.159.15.190
95,Lauraine,Beardshaw,lbeardshaw2m@github.io,Genderqueer,10.148.173.186
96,Rosy,Colloby,rcolloby2n@miitbeian.gov.cn,Genderfluid,61.31.86.169
97,Willie,Mennell,wmennell2o@acquirethisname.com,Male,119.153.6.91
98,Ev,Kinnen,ekinnen2p@woothemes.com,Genderqueer,15.129.16.179
99,Rena,Howsin,rhowsin2q@blogger.com,Male,129.197.60.172
100,Delmor,Walshaw,dwalshaw2r@creativecommons.org,Polygender,107.54.45.184
101,Eirena,Mateja,emateja2s@gravatar.com,Non-binary,102.171.111.24
102,Evelyn,Winship,ewinship2t@flickr.com,Non-binary,192.157.129.88
103,Malcolm,Killiam,mkilliam2u@sciencedaily.com,Non-binary,68.17.154.69
104,Kip,Cordle,kcordle2v@flickr.com,Genderfluid,105.23.92.213
105,Dedie,Hamill,dhamill2w@nytimes.com,Genderfluid,108.16.62.99
106,Lulita,Siddeley,lsiddeley2x@dedecms.com,Genderfluid,170.184.62.136
107,Colette,Turbayne,cturbayne2y@miibeian.gov.cn,Genderfluid,55.241.133.10
108,Coralyn,Flobert,cflobert2z@economist.com,Non-binary,178.148.10.65
109,Mead,Hourihan,mhourihan30@si.edu,Male,150.21.213.138
110,Kort,Juszczyk,kjuszczyk31@epa.gov,Polygender,180.128.197.18
111,Brigit,Schuck,bschuck32@sohu.com,Genderqueer,93.250.141.162
112,Gustie,McLucas,gmclucas33@51.la,Polygender,36.122.56.220
113,Jen,Trimnell,jtrimnell34@weather.com,Female,131.174.32.160
114,Harlan,Beard,hbeard35@weibo.com,Male,15.158.163.229
115,Clea,Forcade,cforcade36@vinaora.com,Genderfluid,146.64.114.21
116,Erhard,Davison,edavison37@squarespace.com,Polygender,214.62.23.49
117,Angelita,Bernardo,abernardo38@dmoz.org,Male,2.97.25.237
118,Ilaire,Snodin,isnodin39@seattletimes.com,Agender,245.39.184.132
119,Marlowe,Yeowell,myeowell3a@prnewswire.com,Agender,104.173.107.72
120,Tome,Nunns,tnunns3b@booking.com,Genderqueer,73.181.122.209
121,Fanny,Baldini,fbaldini3c@jimdo.com,Female,197.128.176.108
122,Myrtice,Collister,mcollister3d@shop-pro.jp,Male,6.63.242.38
123,Bernadette,Bulley,bbulley3e@discuz.net,Bigender,217.84.183.104
124,Merrel,Thebe,mthebe3f@umn.edu,Non-binary,20.137.7.131
125,Wanids,Dyshart,wdyshart3g@hexun.com,Non-binary,175.148.100.245
126,Lissy,Doddemeede,ldoddemeede3h@altervista.org,Male,163.23.113.43
127,Goraud,Whanstall,gwhanstall3i@google.com,Polygender,127.157.103.17
128,Deb,Meachan,dmeachan3j@tripadvisor.com,Polygender,149.111.254.178
129,Dorette,Langabeer,dlangabeer3k@pagesperso-orange.fr,Bigender,43.110.94.138
130,Erinna,Tockell,etockell3l@google.co.jp,Bigender,121.234.88.37
131,Philbert,Bartoletti,pbartoletti3m@umich.edu,Polygender,226.137.99.82
132,Roxanna,Maggorini,rmaggorini3n@qq.com,Female,165.245.146.57
133,Antonino,Brambill,abrambill3o@google.com.br,Genderfluid,53.82.71.190
134,Meaghan,Mell,mmell3p@4shared.com,Non-binary,121.123.220.122
135,Adiana,Lambregts,alambregts3q@acquirethisname.com,Genderqueer,148.210.254.227
136,Obediah,Alejandre,oalejandre3r@nps.gov,Agender,219.222.144.95
137,Bernie,Rableau,brableau3s@blinklist.com,Genderfluid,142.87.211.113
138,Dorothy,Detloff,ddetloff3t@theglobeandmail.com,Female,120.203.253.134
139,Malinda,Freeland,mfreeland3u@blog.com,Female,137.209.137.90
140,Thorny,Harradine,tharradine3v@chronoengine.com,Genderqueer,178.153.0.92
141,Dory,Rostern,drostern3w@slate.com,Genderqueer,199.200.230.181
142,Hashim,Churchyard,hchurchyard3x@smugmug.com,Non-binary,228.156.98.69
143,Aaren,Dengate,adengate3y@joomla.org,Bigender,1.112.90.102
144,Lita,Wyldbore,lwyldbore3z@craigslist.org,Genderqueer,4.17.131.66
145,Joice,Cossins,jcossins40@twitter.com,Male,161.217.14.122
146,Allsun,Dellenbach,adellenbach41@mapy.cz,Genderfluid,192.95.83.12
147,Daffy,Oseman,doseman42@histats.com,Agender,72.227.125.121
148,Kaitlin,Salleir,ksalleir43@wunderground.com,Agender,62.225.3.239
149,Ethelyn,Dunford,edunford44@pinterest.com,Genderfluid,154.215.167.60
150,Gussie,Bitcheno,gbitcheno45@shop-pro.jp,Female,197.254.137.37
151,Kirbie,Platt,kplatt46@dion.ne.jp,Agender,126.139.94.17
152,Diann,Bolan,dbolan47@geocities.jp,Genderqueer,243.145.3.2
153,Miranda,McGeagh,mmcgeagh48@who.int,Polygender,196.37.126.86
154,Horacio,Aldis,haldis49@macromedia.com,Non-binary,144.254.145.216
155,Dina,Molian,dmolian4a@yale.edu,Genderqueer,224.117.197.58
156,Maggy,Rizzo,mrizzo4b@ca.gov,Female,52.87.19.105
157,Eda,Braferton,ebraferton4c@istockphoto.com,Non-binary,9.219.16.245
158,Zulema,Youens,zyouens4d@ehow.com,Genderfluid,191.221.166.202
159,Hedda,Le Brom,hlebrom4e@cafepress.com,Female,242.199.145.159
160,Alecia,Tapson,atapson4f@lulu.com,Genderqueer,45.72.211.166
161,Ammamaria,Bromilow,abromilow4g@imgur.com,Female,208.241.19.136
162,Dwayne,Graine,dgraine4h@godaddy.com,Bigender,73.204.186.50
163,Jobi,Grenshiels,jgrenshiels4i@networksolutions.com,Polygender,38.173.177.197
164,Constantia,Nimmo,cnimmo4j@godaddy.com,Non-binary,93.244.133.1
165,Letti,Headings,lheadings4k@fc2.com,Genderqueer,104.89.229.1
166,Alexandros,Simmance,asimmance4l@myspace.com,Agender,50.45.67.169
167,Ofilia,O'Towey,ootowey4m@mashable.com,Bigender,123.132.95.153
168,Melony,Semple,msemple4n@trellian.com,Genderqueer,215.148.250.111
169,Weston,Dantesia,wdantesia4o@sbwire.com,Agender,50.15.166.47
170,Emmie,Dougal,edougal4p@redcross.org,Genderqueer,54.206.47.53
171,Jarrad,Gasgarth,jgasgarth4q@archive.org,Male,154.13.96.146
172,Pauly,Horche,phorche4r@ftc.gov,Non-binary,31.234.76.31
173,Hermy,Atcheson,hatcheson4s@youtu.be,Non-binary,230.227.15.109
174,Iolande,Abbis,iabbis4t@webs.com,Agender,24.152.48.88
175,Morissa,Aldham,maldham4u@google.fr,Agender,170.225.183.168
176,Olivier,Morrish,omorrish4v@pinterest.com,Genderfluid,123.146.88.76
177,Aeriela,Rosenblad,arosenblad4w@globo.com,Female,117.199.141.103
178,Randi,Albrighton,ralbrighton4x@cdc.gov,Non-binary,28.38.7.42
179,Sibella,Yepiskov,syepiskov4y@com.com,Female,202.155.34.134
180,Perle,Gofford,pgofford4z@house.gov,Agender,181.45.183.45
181,Darleen,Hardiman,dhardiman50@wiley.com,Agender,251.225.36.235
182,Vitia,Crowche,vcrowche51@g.co,Female,28.60.253.24
183,Christoph,Gylle,cgylle52@mac.com,Non-binary,211.124.30.51
184,Phillida,Giacomucci,pgiacomucci53@who.int,Genderfluid,98.204.52.89
185,Jesse,Styan,jstyan54@businessinsider.com,Male,223.103.152.249
186,Andre,Braniff,abraniff55@dyndns.org,Genderfluid,11.46.173.195
187,Emmit,Catton,ecatton56@creativecommons.org,Genderfluid,7.24.40.23
188,Talbot,Vaud,tvaud57@i2i.jp,Polygender,124.125.21.82
189,Julieta,Scanlan,jscanlan58@diigo.com,Polygender,210.236.23.178
190,Fredrika,Yedall,fyedall59@usa.gov,Female,224.53.135.81
191,Tabbie,Babon,tbabon5a@scribd.com,Agender,86.124.2.122
192,Charmaine,Feldhammer,cfeldhammer5b@vinaora.com,Polygender,140.193.56.219
193,Ruben,O'Caherny,rocaherny5c@tripadvisor.com,Genderfluid,173.103.227.82
194,Gallagher,Shivlin,gshivlin5d@xrea.com,Non-binary,7.199.193.21
195,Etheline,Tilmouth,etilmouth5e@umich.edu,Genderqueer,21.108.211.20
196,Ethelyn,Risbie,erisbie5f@blinklist.com,Genderqueer,240.213.250.52
197,Berry,Greated,bgreated5g@nifty.com,Female,174.15.103.35
198,Brendan,Hagerty,bhagerty5h@issuu.com,Genderfluid,50.160.213.240
199,Prinz,Cully,pcully5i@seattletimes.com,Female,20.63.114.20
200,Madel,Pring,mpring5j@shop-pro.jp,Male,147.231.202.170
201,Ario,Bricksey,abricksey5k@desdev.cn,Genderqueer,187.16.125.199
202,Jewel,Gilberthorpe,jgilberthorpe5l@hc360.com,Agender,56.186.202.86
203,Gianina,Hake,ghake5m@time.com,Bigender,134.42.187.44
204,Livvy,Henstone,lhenstone5n@yellowpages.com,Genderqueer,202.95.176.68
205,Stacy,Merkel,smerkel5o@samsung.com,Female,96.154.186.49
206,Felice,Lehrian,flehrian5p@wp.com,Genderfluid,59.178.195.240
207,Clemente,Van der Kruis,cvanderkruis5q@example.com,Genderfluid,117.8.114.145
208,Nettle,Dodell,ndodell5r@princeton.edu,Female,18.105.221.212
209,Nowell,Benez,nbenez5s@eventbrite.com,Genderfluid,116.62.180.58
210,Bear,Coneron,bconeron5t@smh.com.au,Male,71.37.77.13
211,Brody,Tremathick,btremathick5u@ucoz.ru,Agender,188.144.94.171
212,Arleen,Bourgaize,abourgaize5v@1und1.de,Genderfluid,156.56.32.202
213,Rori,Worsalls,rworsalls5w@ustream.tv,Female,17.4.125.229
214,Oberon,Rubin,orubin5x@ucla.edu,Female,151.178.40.251
215,Gallard,Newbegin,gnewbegin5y@virginia.edu,Bigender,210.54.57.161
216,Arlette,Mundford,amundford5z@buzzfeed.com,Genderqueer,175.200.82.132
217,Alys,Hauck,ahauck60@state.gov,Non-binary,79.7.71.243
218,Kylie,McBrearty,kmcbrearty61@dell.com,Non-binary,158.254.90.154
219,Fionna,Stanislaw,fstanislaw62@t-online.de,Male,105.51.85.23
220,Phylis,Kewley,pkewley63@tmall.com,Genderqueer,189.182.202.105
221,Nani,Oxterby,noxterby64@wordpress.com,Agender,105.55.153.227
222,Jaime,Blodget,jblodget65@ycombinator.com,Agender,200.123.96.105
223,Erwin,Wartnaby,ewartnaby66@odnoklassniki.ru,Male,162.134.214.46
224,Timmie,Basketter,tbasketter67@shop-pro.jp,Agender,108.134.24.124
225,Levi,Feige,lfeige68@upenn.edu,Male,192.125.74.136
226,Edouard,Arnault,earnault69@reuters.com,Non-binary,139.121.115.59
227,Margit,Fones,mfones6a@bloomberg.com,Bigender,142.5.82.76
228,Dietrich,Shavel,dshavel6b@vkontakte.ru,Genderfluid,147.151.115.155
229,Kellie,Aysik,kaysik6c@google.com.hk,Genderfluid,136.215.134.235
230,Conchita,Lightowlers,clightowlers6d@elegantthemes.com,Genderfluid,151.163.91.190
231,Nicolina,Gurling,ngurling6e@flickr.com,Bigender,16.70.239.91
232,Joyann,Macias,jmacias6f@wsj.com,Bigender,253.184.54.48
233,Anett,McGuffog,amcguffog6g@51.la,Genderqueer,237.177.101.111
234,George,Albrooke,galbrooke6h@edublogs.org,Male,96.140.194.244
235,Gale,Sherrock,gsherrock6i@printfriendly.com,Polygender,70.43.146.123
236,Gerrie,Barsby,gbarsby6j@ucoz.ru,Bigender,72.253.238.29
237,Sayre,Maddison,smaddison6k@businessinsider.com,Male,77.149.211.208
238,Haywood,Jacobssen,hjacobssen6l@hubpages.com,Bigender,225.163.169.50
239,Allyn,Hembling,ahembling6m@hexun.com,Male,75.233.38.113
240,Bink,Cline,bcline6n@blogs.com,Polygender,0.110.153.23
241,Caddric,Springate,cspringate6o@technorati.com,Bigender,136.185.214.93
242,Ros,Foxall,rfoxall6p@oakley.com,Bigender,140.229.71.37
243,Cissiee,Perring,cperring6q@sfgate.com,Agender,166.137.33.111
244,Chadwick,Keems,ckeems6r@economist.com,Genderfluid,6.81.115.74
245,Jami,Menichini,jmenichini6s@instagram.com,Polygender,182.161.0.122
246,Evangelin,Steedman,esteedman6t@goo.gl,Bigender,150.105.104.215
247,Tremayne,Rhys,trhys6u@slashdot.org,Genderfluid,18.185.251.218
248,Nicolai,Tuplin,ntuplin6v@xrea.com,Agender,53.0.50.193
249,Minnnie,Dilley,mdilley6w@ebay.com,Female,227.204.42.199
250,Calypso,Eisikowitz,ceisikowitz6x@businessweek.com,Male,153.160.141.172
251,Auria,McGrory,amcgrory6y@soundcloud.com,Bigender,42.199.99.131
252,Chick,Kitchener,ckitchener6z@latimes.com,Polygender,180.84.242.198
253,Marylynne,Tiebe,mtiebe70@bizjournals.com,Genderqueer,137.20.247.176
254,Deva,Tolchard,dtolchard71@a8.net,Non-binary,180.67.186.158
255,Torrey,Vannucci,tvannucci72@comcast.net,Genderfluid,31.8.191.16
256,Debra,Cornwell,dcornwell73@alibaba.com,Genderfluid,233.11.126.21
257,Rubie,Mousdall,rmousdall74@theglobeandmail.com,Male,112.192.158.40
258,Aeriel,Tarbox,atarbox75@pcworld.com,Female,68.126.117.207
259,Gwendolyn,Edgcombe,gedgcombe76@ehow.com,Genderqueer,192.55.94.83
260,Rolfe,McWhorter,rmcwhorter77@tripod.com,Bigender,245.250.44.15
261,Bar,Vanetti,bvanetti78@latimes.com,Polygender,131.241.162.66
262,Beauregard,Ivanyushin,bivanyushin79@wufoo.com,Genderfluid,207.49.140.26
263,Asher,Sirette,asirette7a@google.nl,Agender,105.149.0.0
264,Anestassia,Yardy,ayardy7b@istockphoto.com,Female,194.163.80.248
265,Isadore,Carryer,icarryer7c@webeden.co.uk,Agender,14.200.31.103
266,Chrisy,Fullager,cfullager7d@scribd.com,Genderqueer,238.145.148.128
267,Rene,Bartoloma,rbartoloma7e@smugmug.com,Non-binary,75.157.110.185
268,Vivi,De la Yglesias,vdelayglesias7f@uiuc.edu,Polygender,129.87.69.165
269,Lauritz,Heineken,lheineken7g@ucla.edu,Bigender,41.198.243.83
270,Errick,Bellord,ebellord7h@macromedia.com,Genderfluid,137.248.60.64
271,Joshuah,Clace,jclace7i@ft.com,Genderqueer,123.207.42.218
272,Kariotta,McSperron,kmcsperron7j@ibm.com,Male,27.136.225.163
273,Bibbye,Zecchinelli,bzecchinelli7k@senate.gov,Non-binary,97.39.39.177
274,Tan,Leggett,tleggett7l@tripod.com,Female,14.71.168.145
275,Persis,Stockow,pstockow7m@desdev.cn,Bigender,223.174.189.40
276,Roland,Kemster,rkemster7n@bravesites.com,Agender,191.237.38.16
277,Kasey,Ballard,kballard7o@boston.com,Female,254.192.64.236
278,Lorinda,Almack,lalmack7p@about.com,Non-binary,248.139.104.161
279,Esme,Freezer,efreezer7q@msu.edu,Bigender,162.93.80.18
280,Patrice,Fennelow,pfennelow7r@wikipedia.org,Female,129.142.108.156
281,Mollie,Carling,mcarling7s@harvard.edu,Non-binary,246.18.40.137
282,Rob,Briar,rbriar7t@cloudflare.com,Polygender,215.14.110.124
283,Oralle,Ricoald,oricoald7u@rakuten.co.jp,Female,241.106.246.226
284,Farra,Rauprich,frauprich7v@joomla.org,Polygender,162.42.34.19
285,Shea,Musslewhite,smusslewhite7w@blogspot.com,Genderfluid,134.18.235.111
286,Joeann,Chiswell,jchiswell7x@php.net,Genderqueer,179.108.44.234
287,Bruce,Semarke,bsemarke7y@seesaa.net,Non-binary,188.13.229.9
288,Corette,Crecy,ccrecy7z@php.net,Polygender,187.148.167.148
289,Gusta,Todarello,gtodarello80@cafepress.com,Genderfluid,10.149.32.136
290,Kelwin,Braidon,kbraidon81@yellowbook.com,Bigender,157.133.161.99
291,Anstice,Hurn,ahurn82@storify.com,Non-binary,215.177.232.156
292,Jacqui,Twamley,jtwamley83@meetup.com,Genderqueer,92.140.89.45
293,Hendrika,McLay,hmclay84@wordpress.com,Non-binary,150.137.98.102
294,Guinevere,Phelipeau,gphelipeau85@tinyurl.com,Polygender,154.160.179.225
295,Nikki,Itzik,nitzik86@g.co,Female,232.226.180.119
296,Sharl,O'Shiels,soshiels87@dropbox.com,Genderfluid,32.35.103.69
297,Sylvia,Playle,splayle88@oakley.com,Polygender,83.185.64.67
298,Leland,Ashmole,lashmole89@flavors.me,Agender,22.250.144.129
299,Manuel,Annear,mannear8a@guardian.co.uk,Bigender,164.204.180.165
300,Montague,Rive,mrive8b@tuttocitta.it,Genderqueer,102.226.20.20
301,Tedi,Clare,tclare8c@digg.com,Genderqueer,118.118.253.206
302,Julianna,Fulep,jfulep8d@google.cn,Polygender,168.83.182.231
303,Yankee,Maltman,ymaltman8e@behance.net,Genderqueer,63.179.91.145
304,Lou,Tuke,ltuke8f@accuweather.com,Bigender,172.108.190.116
305,Waverly,Robic,wrobic8g@chron.com,Bigender,91.247.159.84
306,Abigael,Lucia,alucia8h@weather.com,Genderfluid,50.85.232.82
307,Tammara,Habershon,thabershon8i@go.com,Genderfluid,66.167.26.222
308,Ripley,Reimer,rreimer8j@plala.or.jp,Female,21.23.23.54
309,Aeriell,Kohtler,akohtler8k@bandcamp.com,Agender,245.142.146.225
310,Charline,Jaskiewicz,cjaskiewicz8l@wisc.edu,Male,171.122.153.134
311,Vaclav,St Ange,vstange8m@istockphoto.com,Bigender,190.178.174.124
312,Francklin,Drayn,fdrayn8n@surveymonkey.com,Female,175.131.74.3
313,Twyla,Geldard,tgeldard8o@multiply.com,Genderqueer,8.0.253.122
314,Grier,McCarver,gmccarver8p@moonfruit.com,Bigender,169.196.65.8
315,Flossi,Lynagh,flynagh8q@sciencedirect.com,Non-binary,88.192.153.102
316,Georgine,Jacox,gjacox8r@hatena.ne.jp,Genderqueer,221.80.199.205
317,Onofredo,Stirzaker,ostirzaker8s@booking.com,Genderqueer,38.206.86.194
318,Eugine,Andree,eandree8t@dmoz.org,Agender,140.227.151.34
319,Nessie,Cottrell,ncottrell8u@wufoo.com,Bigender,47.151.231.52
320,Lyon,Wainer,lwainer8v@netlog.com,Non-binary,87.20.66.209
321,Glennis,Castiglione,gcastiglione8w@dot.gov,Genderfluid,83.37.222.64
322,Gabriellia,Seppey,gseppey8x@blogs.com,Genderfluid,223.103.115.83
323,Gypsy,Mochan,gmochan8y@sun.com,Non-binary,232.148.74.38
324,Giles,Caldero,gcaldero8z@google.ru,Female,25.35.49.215
325,Hallie,Gerry,hgerry90@pinterest.com,Genderfluid,18.61.209.88
326,Sunny,Argo,sargo91@japanpost.jp,Genderqueer,204.35.246.202
327,Boote,Holston,bholston92@umich.edu,Polygender,179.42.38.199
328,Calhoun,Itzchaky,citzchaky93@utexas.edu,Polygender,98.86.139.173
329,Ciro,Korda,ckorda94@springer.com,Male,118.85.100.108
330,Selene,Foster,sfoster95@wisc.edu,Polygender,144.208.85.133
331,Edna,Fry,efry96@jimdo.com,Bigender,114.47.169.64
332,Jayme,Sterling,jsterling97@zimbio.com,Non-binary,20.164.41.220
333,Mala,Gemelli,mgemelli98@hhs.gov,Non-binary,13.112.51.230
334,Wernher,Pahler,wpahler99@moonfruit.com,Female,94.9.222.105
335,Arny,Shirland,ashirland9a@biglobe.ne.jp,Female,63.151.253.224
336,Leroy,Kulvear,lkulvear9b@howstuffworks.com,Genderfluid,41.216.142.93
337,Johny,Ather,jather9c@java.com,Non-binary,207.121.9.9
338,Blondell,Bosche,bbosche9d@dyndns.org,Non-binary,28.101.98.176
339,Chic,Finnemore,cfinnemore9e@hud.gov,Female,240.232.159.238
340,Margarete,Willshere,mwillshere9f@wiley.com,Male,251.39.184.168
341,Gaven,Cokly,gcokly9g@w3.org,Bigender,102.127.156.140
342,Ana,Mattielli,amattielli9h@ning.com,Genderfluid,250.169.203.225
343,Tyne,Pughsley,tpughsley9i@epa.gov,Female,175.118.61.241
344,Jackson,Burr,jburr9j@sfgate.com,Female,117.70.250.54
345,Raddy,Gothliff,rgothliff9k@cyberchimps.com,Bigender,35.195.163.43
346,Richart,Zumbusch,rzumbusch9l@addtoany.com,Polygender,32.205.102.232
347,Richart,Schoroder,rschoroder9m@list-manage.com,Polygender,108.243.248.64
348,Felipe,Wigsell,fwigsell9n@geocities.jp,Female,79.222.42.154
349,Doretta,Phillippo,dphillippo9o@reddit.com,Polygender,169.119.218.21
350,Mariejeanne,Edelston,medelston9p@reuters.com,Non-binary,181.100.18.149
351,Timothee,Schirach,tschirach9q@pagesperso-orange.fr,Genderqueer,60.174.126.35
352,Glyn,Chambers,gchambers9r@hc360.com,Non-binary,35.113.192.144
353,Delora,Ellerey,dellerey9s@usatoday.com,Agender,194.170.116.189
354,Cathrine,Garter,cgarter9t@yolasite.com,Agender,78.174.61.163
355,Sonnie,Patel,spatel9u@chron.com,Male,205.133.171.208
356,Rudolph,Ruppel,rruppel9v@nifty.com,Bigender,53.206.132.45
357,Rafaelita,Wille,rwille9w@sourceforge.net,Bigender,170.149.49.137
358,Bertie,Westphal,bwestphal9x@cam.ac.uk,Female,195.96.2.127
359,Rochell,Storry,rstorry9y@angelfire.com,Female,96.35.69.185
360,Ariella,Marages,amarages9z@creativecommons.org,Genderfluid,233.121.218.245
361,Rosemarie,Jahn,rjahna0@wordpress.org,Female,4.126.220.125
362,Page,Clissell,pclissella1@mayoclinic.com,Agender,163.136.31.240
363,Ivor,Cescoti,icescotia2@goo.ne.jp,Female,52.247.28.87
364,Gerald,Matyatin,gmatyatina3@dagondesign.com,Non-binary,174.181.105.1
365,Constanta,Jachtym,cjachtyma4@house.gov,Male,122.91.25.137
366,Alphonso,Toll,atolla5@google.nl,Non-binary,229.183.17.208
367,Magdaia,Ales0,malesa6@youtu.be,Bigender,67.164.33.22
368,Kaylee,Bodd,kbodda7@people.com.cn,Polygender,112.100.222.122
369,Carolyne,Semmens,csemmensa8@ft.com,Female,29.68.90.119
370,Janelle,Dinan,jdinana9@ucoz.com,Male,254.236.27.23
371,Giovanni,Hamly,ghamlyaa@paginegialle.it,Bigender,5.51.21.104
372,Dillie,Gettone,dgettoneab@woothemes.com,Polygender,160.144.245.153
373,Mischa,Folbigg,mfolbiggac@hatena.ne.jp,Female,124.196.70.174
374,Ax,Banger,abangerad@cdc.gov,Genderqueer,164.159.171.174
375,Colan,Leuty,cleutyae@intel.com,Non-binary,228.215.109.98
376,Stu,Riepl,srieplaf@yale.edu,Genderfluid,61.52.81.80
377,Gertruda,MacCaughen,gmaccaughenag@bluehost.com,Female,124.193.197.136
378,Greta,McCreedy,gmccreedyah@tiny.cc,Bigender,138.87.116.184
379,Ardelia,Farlamb,afarlambai@unicef.org,Genderfluid,18.226.64.241
380,Alastair,Songist,asongistaj@nymag.com,Agender,5.251.70.255
381,Wain,Garry,wgarryak@imageshack.us,Agender,60.216.54.250
382,Denny,Simnor,dsimnoral@instagram.com,Female,214.75.85.135
383,Danell,Daenen,ddaenenam@noaa.gov,Female,46.211.179.47
384,Cornell,Meo,cmeoan@discovery.com,Non-binary,213.75.201.225
385,Sheppard,Weatherley,sweatherleyao@elpais.com,Agender,54.59.137.255
386,Therine,Lapenna,tlapennaap@wikipedia.org,Genderfluid,205.122.195.75
387,Darby,Pyecroft,dpyecroftaq@opera.com,Male,7.84.113.148
388,Korie,Vivyan,kvivyanar@utexas.edu,Male,158.65.170.234
389,Salomo,Vooght,svooghtas@buzzfeed.com,Genderqueer,169.144.22.170
390,Griffith,Goodbur,ggoodburat@elpais.com,Genderqueer,239.150.125.56
391,Laryssa,Filson,lfilsonau@mozilla.com,Bigender,230.162.230.224
392,Paton,Meffen,pmeffenav@nydailynews.com,Female,114.176.35.214
393,Gibby,Suggett,gsuggettaw@mit.edu,Bigender,35.184.163.69
394,Brandyn,Shilling,bshillingax@guardian.co.uk,Polygender,33.157.146.239
395,Cesare,Ibbotson,cibbotsonay@instagram.com,Agender,203.44.212.67
396,Ailsun,Scroggs,ascroggsaz@google.cn,Bigender,171.223.119.70
397,Cori,Lokier,clokierb0@umich.edu,Non-binary,238.155.69.210
398,Nona,Mulholland,nmulhollandb1@csmonitor.com,Agender,182.127.203.121
399,Erhart,Ainslie,eainslieb2@macromedia.com,Polygender,21.232.155.196
400,Lisetta,Hindge,lhindgeb3@shop-pro.jp,Female,103.253.239.227
401,Theodore,Franzewitch,tfranzewitchb4@tuttocitta.it,Bigender,215.27.6.9
402,Ashbey,Woodburne,awoodburneb5@yellowbook.com,Genderqueer,249.121.17.5
403,Penn,Duddle,pduddleb6@cdc.gov,Non-binary,16.220.144.217
404,Sisile,Gomez,sgomezb7@arizona.edu,Female,227.199.25.135
405,Robinett,Center,rcenterb8@princeton.edu,Genderfluid,193.23.197.150
406,Shani,Drysdell,sdrysdellb9@npr.org,Bigender,225.212.42.88
407,Rosina,Chessum,rchessumba@soundcloud.com,Non-binary,218.186.92.236
408,Holly,Keeling,hkeelingbb@acquirethisname.com,Agender,208.17.233.116
409,Veronique,Hugueville,vhuguevillebc@mozilla.org,Bigender,57.9.202.42
410,Desi,Lippatt,dlippattbd@who.int,Non-binary,198.187.207.164
411,Joell,Swinley,jswinleybe@webeden.co.uk,Female,124.235.138.124
412,Calhoun,Maiklem,cmaiklembf@bigcartel.com,Polygender,162.5.146.118
413,Sal,Belz,sbelzbg@prnewswire.com,Female,16.123.164.94
414,Dede,Pyburn,dpyburnbh@engadget.com,Polygender,34.126.217.164
415,Aluin,Bravery,abraverybi@quantcast.com,Agender,209.210.240.251
416,Leigh,Pavlovic,lpavlovicbj@cpanel.net,Male,150.136.174.80
417,Elene,Postgate,epostgatebk@washingtonpost.com,Female,25.156.0.143
418,Aura,Fetherston,afetherstonbl@tripod.com,Female,203.212.247.51
419,Julius,Held,jheldbm@redcross.org,Male,162.140.74.161
420,Debby,Durgan,ddurganbn@behance.net,Polygender,180.102.27.191
421,Bobine,Stevani,bstevanibo@gnu.org,Non-binary,114.134.153.141
422,Thatcher,Peddie,tpeddiebp@engadget.com,Polygender,152.196.168.30
423,Daryle,Chasmor,dchasmorbq@qq.com,Non-binary,144.190.142.168
424,Gwendolin,Humberstone,ghumberstonebr@cmu.edu,Non-binary,101.236.73.56
425,Dewain,Imesson,dimessonbs@ebay.com,Agender,185.197.132.246
426,Veronique,Leuty,vleutybt@examiner.com,Polygender,92.39.66.22
427,Nathanil,Biagi,nbiagibu@cnet.com,Bigender,218.223.205.55
428,Ania,Lander,alanderbv@sakura.ne.jp,Female,244.23.117.243
429,Magdalen,Creaven,mcreavenbw@spiegel.de,Male,98.172.147.245
430,Trude,Clopton,tcloptonbx@webnode.com,Agender,184.34.134.85
431,Briant,Forrest,bforrestby@squarespace.com,Male,77.183.105.216
432,Myer,Hebble,mhebblebz@typepad.com,Genderqueer,81.211.230.102
433,Hubie,Ipsgrave,hipsgravec0@is.gd,Genderfluid,71.187.99.18
434,Stacee,Maingot,smaingotc1@miitbeian.gov.cn,Polygender,148.44.229.210
435,Carrol,Drinkhill,cdrinkhillc2@seattletimes.com,Bigender,85.200.69.11
436,Krista,Konerding,kkonerdingc3@gmpg.org,Agender,21.90.15.189
437,Katharine,Baltrushaitis,kbaltrushaitisc4@mapquest.com,Polygender,247.198.58.85
438,Daniele,Dmytryk,ddmytrykc5@creativecommons.org,Female,212.239.174.187
439,Price,Deex,pdeexc6@stanford.edu,Female,111.164.168.234
440,Frieda,Creboe,fcreboec7@nydailynews.com,Non-binary,109.163.60.97
441,Haley,Shynn,hshynnc8@woothemes.com,Bigender,4.37.75.66
442,Harley,De Rye Barrett,hderyebarrettc9@wordpress.com,Agender,189.152.225.240
443,Blinnie,Limpenny,blimpennyca@delicious.com,Agender,81.252.110.75
444,Kiel,Betjes,kbetjescb@gov.uk,Female,3.240.37.27
445,Sibelle,Reburn,sreburncc@is.gd,Male,161.161.64.82
446,Tod,Ewbanche,tewbanchecd@dyndns.org,Genderfluid,234.172.57.9
447,Minerva,Fulmen,mfulmence@xing.com,Male,9.19.248.129
448,Ninnette,Blenkiron,nblenkironcf@ovh.net,Agender,60.247.219.186
449,Bing,Weight,bweightcg@deviantart.com,Agender,250.123.121.34
450,Bondon,Boam,bboamch@hubpages.com,Bigender,7.100.119.94
451,Lisetta,Olsen,lolsenci@google.com.br,Bigender,28.7.46.135
452,May,Hutten,mhuttencj@netvibes.com,Female,253.133.178.55
453,Coleman,Grimsdell,cgrimsdellck@loc.gov,Bigender,33.15.180.211
454,Annamarie,Adolf,aadolfcl@foxnews.com,Polygender,184.240.186.132
455,Kaitlyn,Grishkov,kgrishkovcm@vimeo.com,Agender,52.90.26.39
456,Archer,Cuppleditch,acuppleditchcn@dion.ne.jp,Agender,12.176.159.188
457,Franchot,Chatt,fchattco@google.it,Genderfluid,1.174.216.143
458,Anestassia,McCoish,amccoishcp@lulu.com,Bigender,225.35.172.17
459,Ferne,Sancho,fsanchocq@newsvine.com,Female,22.204.205.147
460,Dniren,Haysom,dhaysomcr@bloglovin.com,Genderfluid,73.50.54.235
461,Hiram,Connar,hconnarcs@google.com.au,Polygender,146.70.111.127
462,Tabbitha,Scowcroft,tscowcroftct@netscape.com,Genderqueer,74.56.122.149
463,Adelheid,Jerok,ajerokcu@flavors.me,Polygender,41.9.254.127
464,Temple,Adamec,tadameccv@dyndns.org,Male,203.130.214.81
465,Valdemar,Cordeiro,vcordeirocw@spiegel.de,Non-binary,118.197.46.34
466,Teriann,Bromehed,tbromehedcx@tinyurl.com,Genderfluid,142.24.178.48
467,Ozzy,McCurt,omccurtcy@guardian.co.uk,Polygender,31.66.70.20
468,Anselma,Johl,ajohlcz@chron.com,Female,205.55.238.201
469,Luce,Pointer,lpointerd0@macromedia.com,Genderfluid,206.35.150.140
470,Anya,Mabbitt,amabbittd1@yahoo.co.jp,Female,232.196.172.193
471,Daphene,Camelli,dcamellid2@jalbum.net,Non-binary,245.168.150.151
472,Michail,Capeloff,mcapeloffd3@mtv.com,Female,159.207.160.197
473,Harland,Batchan,hbatchand4@oakley.com,Genderfluid,157.225.113.223
474,Elayne,Dunstone,edunstoned5@exblog.jp,Genderfluid,96.186.147.104
475,Creigh,Taffe,ctaffed6@addtoany.com,Polygender,132.48.215.105
476,Donetta,Stolberger,dstolbergerd7@bloglines.com,Bigender,144.43.170.173
477,Myrtice,Willars,mwillarsd8@barnesandnoble.com,Agender,12.190.216.119
478,Dennis,Dignam,ddignamd9@omniture.com,Genderqueer,6.8.240.45
479,Kyla,Danjoie,kdanjoieda@cocolog-nifty.com,Genderfluid,62.129.158.186
480,Zsa zsa,Filipic,zfilipicdb@purevolume.com,Genderfluid,14.178.248.85
481,Tracy,Dadswell,tdadswelldc@howstuffworks.com,Agender,69.30.229.178
482,Burke,Geraldo,bgeraldodd@who.int,Bigender,197.166.7.162
483,Larina,Nott,lnottde@studiopress.com,Polygender,48.199.57.224
484,Sharyl,Linnitt,slinnittdf@soundcloud.com,Female,37.126.96.89
485,Oren,Phorsby,ophorsbydg@nytimes.com,Polygender,127.8.221.115
486,Moina,Hallgate,mhallgatedh@instagram.com,Polygender,10.152.244.136
487,Sarajane,Ellison,sellisondi@wired.com,Genderfluid,232.157.77.245
488,Yvon,Side,ysidedj@storify.com,Polygender,2.209.183.130
489,Jaquenette,Buswell,jbuswelldk@reuters.com,Genderqueer,235.111.60.42
490,Nealy,Jiri,njiridl@kickstarter.com,Genderqueer,6.72.245.244
491,Bobbie,Harding,bhardingdm@elpais.com,Genderqueer,208.234.98.110
492,Regan,Shiell,rshielldn@washington.edu,Male,87.72.97.23
493,Dyana,McCanny,dmccannydo@sun.com,Male,188.40.7.126
494,Ulberto,Waterworth,uwaterworthdp@sogou.com,Male,102.83.107.146
495,Diane,Andreaccio,dandreacciodq@pcworld.com,Genderqueer,121.236.212.176
496,Norry,Callen,ncallendr@aboutads.info,Bigender,235.76.11.120
497,Lewes,Garlic,lgarlicds@businessweek.com,Female,238.237.66.150
498,Beatrice,Spikins,bspikinsdt@naver.com,Polygender,149.223.32.52
499,Roberto,Duckham,rduckhamdu@storify.com,Genderqueer,25.233.32.216
500,Nerty,Pearmine,npearminedv@nationalgeographic.com,Genderfluid,227.46.141.8
501,Isabel,Tarrant,itarrantdw@amazon.com,Agender,69.1.99.124
502,Coralie,Gynn,cgynndx@auda.org.au,Genderqueer,51.146.25.115
503,Gennie,Jackalin,gjackalindy@wired.com,Male,24.162.146.213
504,Dido,Hinze,dhinzedz@hibu.com,Agender,95.25.240.146
505,Perkin,Cheale,pchealee0@umich.edu,Male,194.163.77.231
506,Rickie,Harmour,rharmoure1@businessweek.com,Male,15.135.78.157
507,Quincy,Spoerl,qspoerle2@fc2.com,Female,200.184.171.57
508,Ninette,Fareweather,nfareweathere3@ucoz.com,Genderqueer,138.29.229.56
509,Natala,Stanway,nstanwaye4@nps.gov,Bigender,142.205.215.62
510,Vanya,Rummery,vrummerye5@irs.gov,Male,217.176.211.70
511,Benedetta,McGarva,bmcgarvae6@linkedin.com,Bigender,199.238.183.100
512,Freemon,O'Corr,focorre7@live.com,Genderqueer,158.226.82.26
513,Alexa,McColl,amccolle8@last.fm,Bigender,198.76.21.87
514,Prudence,Shavel,pshavele9@simplemachines.org,Non-binary,239.0.142.193
515,Aline,Kezourec,akezourecea@goo.ne.jp,Agender,116.189.136.29
516,Shaw,Boardman,sboardmaneb@mysql.com,Agender,173.163.176.214
517,Elisabet,Beric,ebericec@loc.gov,Non-binary,75.17.190.253
518,Paolo,Blaksland,pblakslanded@comcast.net,Female,142.128.14.127
519,Nichols,Lillegard,nlillegardee@bluehost.com,Genderfluid,167.22.199.174
520,Dorolisa,Tye,dtyeef@yellowpages.com,Genderqueer,79.181.28.37
521,Dacy,Mully,dmullyeg@yandex.ru,Polygender,157.104.4.107
522,Dulcinea,Cattel,dcatteleh@blinklist.com,Male,3.178.93.203
523,Maighdiln,Imlaw,mimlawei@creativecommons.org,Genderfluid,167.133.32.223
524,Alleyn,Speares,aspearesej@earthlink.net,Agender,6.45.143.172
525,Marjorie,Fosten,mfostenek@seattletimes.com,Genderfluid,174.102.169.14
526,Carlee,Ritchman,critchmanel@ucoz.ru,Bigender,129.136.114.165
527,Pavel,Goold,pgooldem@ning.com,Polygender,195.192.109.199
528,Dag,Scoffins,dscoffinsen@shareasale.com,Genderfluid,113.180.48.128
529,Leonie,Avramovitz,lavramovitzeo@ameblo.jp,Non-binary,233.207.251.60
530,Celestyna,Tunnacliffe,ctunnacliffeep@infoseek.co.jp,Genderfluid,20.143.181.216
531,Creigh,Tabram,ctabrameq@springer.com,Bigender,171.160.201.92
532,Antonetta,Demko,ademkoer@bloglovin.com,Polygender,233.135.98.123
533,Oliviero,Fevers,ofeverses@blogs.com,Non-binary,181.79.92.205
534,Oswald,Vice,oviceet@dmoz.org,Male,132.98.118.205
535,Tonya,Hobben,thobbeneu@samsung.com,Non-binary,56.30.18.121
536,Deerdre,Barnewille,dbarnewilleev@shutterfly.com,Polygender,193.195.115.235
537,Conrado,Catcheside,ccatchesideew@so-net.ne.jp,Male,236.82.116.231
538,Chad,McNamara,cmcnamaraex@ocn.ne.jp,Male,6.94.166.17
539,Aggie,Cosby,acosbyey@odnoklassniki.ru,Male,73.167.229.143
540,Shelton,Iacovacci,siacovacciez@hostgator.com,Genderfluid,148.187.193.52
541,Viki,Eisig,veisigf0@techcrunch.com,Genderfluid,198.113.203.244
542,Audrey,Kirman,akirmanf1@fda.gov,Male,238.110.11.206
543,Shandeigh,Bellinger,sbellingerf2@hao123.com,Bigender,21.11.212.66
544,Consolata,Cliburn,ccliburnf3@creativecommons.org,Genderfluid,0.226.34.148
545,Darrel,Anlay,danlayf4@macromedia.com,Non-binary,0.160.79.216
546,Sam,MacAlpyne,smacalpynef5@baidu.com,Male,226.122.254.92
547,Yurik,Steljes,ysteljesf6@topsy.com,Genderqueer,65.99.120.199
548,Amalee,Sandon,asandonf7@mit.edu,Polygender,234.69.75.177
549,Clerissa,Ivshin,civshinf8@dell.com,Genderfluid,34.130.178.247
550,Torrence,Ruddock,truddockf9@pen.io,Genderqueer,215.95.132.112
551,Reiko,Trobey,rtrobeyfa@microsoft.com,Genderqueer,154.63.254.238
552,Garrot,Ruffler,grufflerfb@sakura.ne.jp,Bigender,179.228.79.195
553,Georgie,Grigorio,ggrigoriofc@yahoo.com,Non-binary,188.75.94.229
554,Neale,Crepin,ncrepinfd@paypal.com,Female,103.56.173.217
555,Whit,Harriman,wharrimanfe@xrea.com,Male,1.75.164.44
556,Chrystal,Velden,cveldenff@freewebs.com,Polygender,152.222.240.141
557,Caril,Lantiff,clantifffg@dyndns.org,Polygender,243.110.38.67
558,Tate,Roggieri,troggierifh@cdc.gov,Male,83.150.145.61
559,Hobart,Fido,hfidofi@accuweather.com,Agender,232.173.208.114
560,Clayton,Jovanovic,cjovanovicfj@apple.com,Female,55.6.254.200
561,Nikolia,Corbridge,ncorbridgefk@usda.gov,Male,203.98.27.74
562,Rupert,Trott,rtrottfl@buzzfeed.com,Male,120.19.190.79
563,Vin,Tiron,vtironfm@exblog.jp,Non-binary,210.143.224.115
564,Arthur,Baum,abaumfn@pagesperso-orange.fr,Agender,174.127.224.192
565,Maurits,Orneles,mornelesfo@princeton.edu,Polygender,107.82.123.41
566,Claybourne,Ortes,cortesfp@zdnet.com,Female,227.218.181.233
567,Ettore,Valti,evaltifq@blogs.com,Female,46.215.92.29
568,Fianna,O'Cannon,focannonfr@bizjournals.com,Male,121.109.116.49
569,Edin,Darrow,edarrowfs@cbsnews.com,Genderqueer,12.36.220.135
570,Sheila,Gaythor,sgaythorft@icio.us,Agender,78.169.204.191
571,Audrie,Mackinder,amackinderfu@dailymail.co.uk,Non-binary,95.46.211.171
572,Welch,Rozsa,wrozsafv@livejournal.com,Genderqueer,144.195.150.136
573,Bartlett,Liddle,bliddlefw@unesco.org,Non-binary,206.192.95.246
574,Abbot,Karsh,akarshfx@chicagotribune.com,Polygender,33.214.196.246
575,Alvie,Jikovsky,ajikovskyfy@house.gov,Genderfluid,63.104.226.174
576,Ezechiel,Gibard,egibardfz@meetup.com,Non-binary,171.61.94.39
577,Elton,Middas,emiddasg0@hexun.com,Bigender,85.241.39.135
578,Chlo,Francioli,cfranciolig1@seesaa.net,Non-binary,215.134.93.3
579,Galven,Kenninghan,gkenninghang2@apple.com,Polygender,169.121.47.112
580,Karry,Oates,koatesg3@telegraph.co.uk,Genderqueer,74.117.107.199
581,Hannie,Markie,hmarkieg4@redcross.org,Bigender,5.183.46.228
582,Madella,Bowller,mbowllerg5@cisco.com,Non-binary,137.169.115.63
583,Glynn,Croser,gcroserg6@utexas.edu,Non-binary,126.17.74.220
584,Karrie,Burtonwood,kburtonwoodg7@go.com,Agender,181.166.235.104
585,Ragnar,Taillant,rtaillantg8@free.fr,Female,72.135.179.115
586,Jean,Cleveland,jclevelandg9@dyndns.org,Female,119.250.249.35
587,Jammal,Hansley,jhansleyga@moonfruit.com,Non-binary,190.246.201.134
588,Colin,Chittim,cchittimgb@myspace.com,Genderqueer,202.123.69.1
589,Cos,Fundell,cfundellgc@digg.com,Bigender,139.13.170.145
590,Essie,Joist,ejoistgd@hhs.gov,Genderqueer,56.94.135.36
591,Lori,Canty,lcantyge@multiply.com,Genderqueer,33.63.142.199
592,Hugues,Rignall,hrignallgf@army.mil,Polygender,192.221.96.73
593,Kari,Figg,kfigggg@trellian.com,Genderqueer,17.233.165.70
594,Gerrie,Guildford,gguildfordgh@icq.com,Polygender,63.19.50.193
595,Leyla,Maldin,lmaldingi@whitehouse.gov,Agender,210.101.160.125
596,Barrie,Flinders,bflindersgj@ehow.com,Male,39.40.65.161
597,Beryl,Fake,bfakegk@hud.gov,Polygender,244.184.160.97
598,Abeu,Imloch,aimlochgl@shinystat.com,Genderfluid,149.41.125.86
599,Ellary,Burland,eburlandgm@ucla.edu,Male,245.39.230.8
600,Ethel,Castenda,ecastendagn@tiny.cc,Male,111.223.38.12
601,Leonora,Molden,lmoldengo@newyorker.com,Male,191.77.104.155
602,Helaina,Richfield,hrichfieldgp@state.tx.us,Female,119.85.86.17
603,Bren,Ainsbury,bainsburygq@forbes.com,Agender,252.155.129.213
604,Karisa,Brecknock,kbrecknockgr@prnewswire.com,Polygender,206.133.252.94
605,Bail,Papez,bpapezgs@intel.com,Genderfluid,178.215.190.172
606,Bowie,Zimmermeister,bzimmermeistergt@zdnet.com,Genderqueer,49.72.225.74
607,Lorne,Hodges,lhodgesgu@hostgator.com,Female,39.176.153.44
608,Bevan,Perrelle,bperrellegv@yellowpages.com,Genderfluid,184.53.34.198
609,Blanche,Stear,bsteargw@unesco.org,Genderqueer,66.230.2.117
610,Iago,Chardin,ichardingx@list-manage.com,Agender,13.220.15.149
611,Colet,Christmas,cchristmasgy@sogou.com,Agender,10.230.55.226
612,Eadmund,Meaking,emeakinggz@istockphoto.com,Agender,144.182.84.231
613,Logan,Pike,lpikeh0@myspace.com,Agender,192.89.40.105
614,Jermaine,Kordt,jkordth1@e-recht24.de,Bigender,90.119.48.90
615,Valentijn,Blackshaw,vblackshawh2@comcast.net,Genderqueer,68.114.152.51
616,Sonja,Doxey,sdoxeyh3@wp.com,Genderfluid,109.75.102.185
617,Zachariah,Bwy,zbwyh4@who.int,Genderqueer,154.143.136.83
618,Tilly,Rudgard,trudgardh5@va.gov,Agender,80.120.98.141
619,Washington,Simonsen,wsimonsenh6@ning.com,Genderfluid,20.187.238.168
620,Karon,Dowyer,kdowyerh7@discuz.net,Female,137.109.3.50
621,Rene,Sterling,rsterlingh8@youku.com,Genderqueer,246.166.160.111
622,Elmer,Jewster,ejewsterh9@columbia.edu,Bigender,143.59.65.142
623,Iain,Westwell,iwestwellha@nature.com,Polygender,69.108.251.206
624,Cly,Attle,cattlehb@nbcnews.com,Male,81.220.163.92
625,Olivia,Jaksic,ojaksichc@ucoz.ru,Genderqueer,24.17.233.243
626,Fredia,Dryburgh,fdryburghhd@japanpost.jp,Genderfluid,170.119.80.206
627,Estele,McArt,emcarthe@gizmodo.com,Female,23.197.158.163
628,Vyky,Nolot,vnolothf@china.com.cn,Female,214.220.173.227
629,Heriberto,Bloxholm,hbloxholmhg@netlog.com,Genderfluid,52.143.171.197
630,Tildy,Darte,tdartehh@slate.com,Female,48.228.196.87
631,Kara-lynn,Guillard,kguillardhi@gizmodo.com,Female,124.15.18.220
632,Nicolle,MacKilroe,nmackilroehj@google.de,Male,160.56.50.5
633,Vallie,Reichhardt,vreichhardthk@fc2.com,Genderqueer,51.11.247.135
634,Sonya,Sterling,ssterlinghl@webnode.com,Male,112.185.135.86
635,Tore,Krzyzanowski,tkrzyzanowskihm@buzzfeed.com,Female,66.100.154.229
636,Stern,Carlisso,scarlissohn@imdb.com,Agender,215.76.106.87
637,Xavier,Berthod,xberthodho@paypal.com,Non-binary,60.26.60.232
638,Veronica,Borsi,vborsihp@sun.com,Genderqueer,240.209.123.12
639,Leena,Vedeniktov,lvedeniktovhq@freewebs.com,Non-binary,241.65.193.138
640,Marlee,Sexon,msexonhr@4shared.com,Female,1.105.32.202
641,Poppy,Paskell,ppaskellhs@gnu.org,Genderqueer,64.250.174.114
642,Guntar,Hovard,ghovardht@sitemeter.com,Genderqueer,100.180.28.43
643,Lexine,Linwood,llinwoodhu@buzzfeed.com,Agender,73.207.64.176
644,Hyacinthie,Lesaunier,hlesaunierhv@google.com,Non-binary,18.139.166.53
645,Dorotea,Cockshtt,dcockshtthw@moonfruit.com,Polygender,91.164.48.213
646,Gweneth,Wilce,gwilcehx@loc.gov,Genderqueer,244.186.217.71
647,Standford,Knowlton,sknowltonhy@weather.com,Male,18.177.228.67
648,Chloette,Acom,cacomhz@usnews.com,Agender,73.165.210.29
649,Anthony,Romney,aromneyi0@nyu.edu,Genderqueer,220.193.189.7
650,Ilysa,Campany,icampanyi1@guardian.co.uk,Bigender,171.224.90.42
651,Callean,Hogsden,chogsdeni2@skyrock.com,Agender,80.60.60.243
652,Malva,Regorz,mregorzi3@parallels.com,Male,195.123.169.123
653,Mill,Bartley,mbartleyi4@house.gov,Bigender,144.76.242.176
654,Blondy,Kermitt,bkermitti5@gmpg.org,Male,219.168.244.220
655,Gris,Pell,gpelli6@usda.gov,Agender,56.30.58.190
656,Trudie,Pistol,tpistoli7@oracle.com,Non-binary,245.25.214.89
657,Onfroi,Avraham,oavrahami8@china.com.cn,Bigender,30.53.121.49
658,Jackelyn,Deeley,jdeeleyi9@thetimes.co.uk,Female,142.8.96.128
659,Yves,Hinkley,yhinkleyia@123-reg.co.uk,Genderqueer,129.136.33.22
660,Annice,Merington,ameringtonib@gov.uk,Male,179.199.29.245
661,Justine,Houselee,jhouseleeic@edublogs.org,Bigender,181.139.37.120
662,Marylinda,Basterfield,mbasterfieldid@ucsd.edu,Male,131.2.61.162
663,Noell,Smullen,nsmullenie@linkedin.com,Genderfluid,229.213.81.10
664,Carmita,Braddock,cbraddockif@mail.ru,Female,91.152.127.237
665,Nathaniel,Fink,nfinkig@bandcamp.com,Agender,216.107.254.44
666,Bengt,Thomson,bthomsonih@ycombinator.com,Genderqueer,204.98.152.210
667,Bobbi,Paulitschke,bpaulitschkeii@google.ru,Agender,132.48.36.103
668,Gale,Andrewartha,gandrewarthaij@godaddy.com,Male,109.139.161.144
669,Rickard,Hairs,rhairsik@domainmarket.com,Non-binary,112.67.140.209
670,Veriee,Saffran,vsaffranil@twitter.com,Bigender,83.219.221.196
671,Marsh,Orbine,morbineim@yale.edu,Genderqueer,225.127.119.121
672,Caterina,Terese,cteresein@symantec.com,Genderfluid,65.7.154.253
673,Mariette,Fridaye,mfridayeio@nyu.edu,Bigender,37.179.131.196
674,Ashlen,Ruane,aruaneip@freewebs.com,Non-binary,67.179.16.67
675,Hannie,Copestick,hcopestickiq@webmd.com,Polygender,64.117.210.173
676,Alexine,Isselee,aisseleeir@over-blog.com,Female,49.107.11.185
677,Phil,Riggert,priggertis@multiply.com,Polygender,103.146.227.231
678,Fancy,Danko,fdankoit@illinois.edu,Genderfluid,54.129.160.113
679,Dedra,Balharry,dbalharryiu@1und1.de,Bigender,41.219.179.87
680,Camilla,Dudderidge,cdudderidgeiv@meetup.com,Female,17.134.238.31
681,Sergeant,Trevino,strevinoiw@altervista.org,Polygender,9.235.203.109
682,Lezley,Troman,ltromanix@google.pl,Male,139.187.213.126
683,Nil,Shotboult,nshotboultiy@stumbleupon.com,Bigender,77.55.100.99
684,Estrella,Gionettitti,egionettittiiz@intel.com,Genderfluid,65.138.2.211
685,Mona,Dumphrey,mdumphreyj0@howstuffworks.com,Genderfluid,221.185.136.47
686,Elihu,Quartly,equartlyj1@1und1.de,Non-binary,198.218.26.14
687,Adan,Rickerby,arickerbyj2@squidoo.com,Non-binary,1.162.186.147
688,Susanetta,Bigley,sbigleyj3@delicious.com,Male,168.64.155.107
689,Kennedy,Gutsell,kgutsellj4@nydailynews.com,Polygender,190.72.27.69
690,Izzy,Reimers,ireimersj5@google.es,Agender,54.14.171.193
691,Nico,Dunphie,ndunphiej6@cnet.com,Genderqueer,160.64.203.215
692,Selestina,Trivett,strivettj7@vistaprint.com,Polygender,49.177.228.202
693,Klara,Jeandeau,kjeandeauj8@shinystat.com,Agender,193.172.40.108
694,Buiron,Casazza,bcasazzaj9@patch.com,Bigender,119.196.155.237
695,Alyce,Whysall,awhysallja@miitbeian.gov.cn,Male,108.231.121.197
696,Mick,Beautyman,mbeautymanjb@google.nl,Male,109.101.63.58
697,Allianora,Hardeman,ahardemanjc@smh.com.au,Female,137.121.107.69
698,Kathi,Thyng,kthyngjd@shareasale.com,Non-binary,48.172.55.53
699,Donal,Sorensen,dsorensenje@weibo.com,Male,10.205.242.110
700,Sharai,Clayton,sclaytonjf@soup.io,Non-binary,109.9.136.125
701,Rosabella,Gilham,rgilhamjg@arizona.edu,Agender,74.87.151.30
702,Tamas,Arthey,tartheyjh@icio.us,Genderqueer,47.173.237.77
703,Rodolphe,Jendrassik,rjendrassikji@angelfire.com,Non-binary,217.178.112.237
704,Hilly,Lemin,hleminjj@irs.gov,Genderfluid,216.11.70.77
705,Brant,Joreau,bjoreaujk@qq.com,Genderqueer,40.98.14.206
706,Kincaid,Doberer,kdobererjl@dagondesign.com,Female,110.93.190.17
707,Elyssa,Dood,edoodjm@yelp.com,Male,170.197.152.107
708,Nikolia,Ledley,nledleyjn@artisteer.com,Female,237.39.99.146
709,Idaline,Gilardi,igilardijo@who.int,Male,118.117.112.1
710,Angelika,Dellenbach,adellenbachjp@zdnet.com,Female,173.13.183.208
711,Omero,Saban,osabanjq@globo.com,Polygender,183.103.240.45
712,Albrecht,La Vigne,alavignejr@macromedia.com,Genderfluid,205.228.73.32
713,Shela,Jodrelle,sjodrellejs@youtu.be,Female,188.76.198.115
714,Emmie,Culy,eculyjt@census.gov,Agender,73.89.34.88
715,Brietta,Etuck,betuckju@ca.gov,Genderqueer,38.12.98.189
716,Essie,Manuaud,emanuaudjv@house.gov,Agender,39.189.242.144
717,Charo,Fattorini,cfattorinijw@gnu.org,Male,32.51.198.88
718,Doris,Mathison,dmathisonjx@ucsd.edu,Genderfluid,207.242.77.230
719,Genovera,Verden,gverdenjy@indiegogo.com,Bigender,2.76.170.244
720,Callie,Wahlberg,cwahlbergjz@craigslist.org,Non-binary,5.174.77.2
721,Erna,Wyper,ewyperk0@ucsd.edu,Male,66.94.75.233
722,Reed,Baleine,rbaleinek1@shinystat.com,Genderqueer,40.247.3.185
723,Janella,Isted,jistedk2@usda.gov,Genderqueer,129.104.127.189
724,Dora,Skerrett,dskerrettk3@hhs.gov,Polygender,236.209.23.136
725,Pamela,Muskett,pmuskettk4@nba.com,Agender,204.231.218.58
726,Miquela,Schlag,mschlagk5@bandcamp.com,Polygender,148.111.107.84
727,Olympe,Ledner,olednerk6@wordpress.com,Female,4.107.249.194
728,Kalila,Candelin,kcandelink7@feedburner.com,Non-binary,12.25.21.19
729,Eolanda,Nise,enisek8@si.edu,Female,6.163.104.83
730,Delphine,Newstead,dnewsteadk9@wordpress.com,Female,210.221.216.107
731,Arluene,Moodey,amoodeyka@diigo.com,Male,152.74.229.221
732,Salvatore,Barratt,sbarrattkb@hao123.com,Polygender,7.247.95.35
733,Tadeas,Scud,tscudkc@redcross.org,Polygender,230.215.156.232
734,Bogey,Peniello,bpeniellokd@bloglines.com,Genderqueer,157.227.230.39
735,Tilda,Scottrell,tscottrellke@usnews.com,Non-binary,243.50.36.120
736,Celestina,Kettle,ckettlekf@eventbrite.com,Agender,98.33.91.199
737,Nanny,Blencoe,nblencoekg@bluehost.com,Genderqueer,96.235.59.205
738,Emiline,Nulty,enultykh@cdbaby.com,Polygender,186.47.234.198
739,Titos,Knuckles,tknuckleski@google.ca,Non-binary,45.196.225.231
740,Brigid,Crum,bcrumkj@tmall.com,Bigender,197.121.118.232
741,Danica,Divisek,ddivisekkk@un.org,Polygender,57.190.98.116
742,Karoline,Chipping,kchippingkl@e-recht24.de,Polygender,95.58.193.136
743,Lorenza,Flescher,lflescherkm@zimbio.com,Non-binary,102.24.149.246
744,Thorstein,Tolley,ttolleykn@posterous.com,Genderqueer,196.220.144.30
745,Helaine,Ferrario,hferrarioko@sphinn.com,Female,176.34.155.93
746,Kaine,Bonnefin,kbonnefinkp@google.ru,Non-binary,64.115.26.189
747,Kenyon,Jalland,kjallandkq@shareasale.com,Genderfluid,157.160.20.49
748,Decca,Faltin,dfaltinkr@wsj.com,Non-binary,11.247.233.61
749,Golda,Belfelt,gbelfeltks@arizona.edu,Agender,219.204.24.30
750,Rosie,Bullion,rbullionkt@hud.gov,Bigender,226.202.207.171
751,Beth,Ofer,boferku@sina.com.cn,Agender,34.108.136.216
752,Man,Serrell,mserrellkv@rambler.ru,Genderqueer,100.232.222.168
753,Joelie,Semrad,jsemradkw@wufoo.com,Bigender,206.93.192.32
754,Golda,Brown,gbrownkx@phpbb.com,Genderfluid,177.253.8.231
755,Link,Ditchett,lditchettky@trellian.com,Non-binary,202.43.29.166
756,Jourdain,Foden,jfodenkz@epa.gov,Bigender,93.28.225.47
757,Cesya,Sclater,csclaterl0@microsoft.com,Bigender,21.33.36.47
758,Tabbitha,Mitford,tmitfordl1@constantcontact.com,Non-binary,149.252.103.206
759,Darcy,Antognozzii,dantognozziil2@altervista.org,Female,52.213.16.197
760,Estel,Burgan,eburganl3@prlog.org,Female,119.240.21.72
761,Parnell,Kirkman,pkirkmanl4@psu.edu,Female,208.159.66.149
762,Leticia,Hanwell,lhanwelll5@marketwatch.com,Female,64.248.194.71
763,Karlens,Nial,kniall6@utexas.edu,Genderfluid,124.81.8.30
764,Lewie,McKibbin,lmckibbinl7@printfriendly.com,Bigender,45.162.60.111
765,Kelsey,Lenard,klenardl8@ftc.gov,Bigender,119.183.19.217
766,Irina,Morilla,imorillal9@google.it,Male,215.86.62.22
767,Nicolis,Langman,nlangmanla@icio.us,Agender,122.82.157.250
768,Cathie,Boland,cbolandlb@netlog.com,Female,54.121.108.76
769,Perl,Burbage,pburbagelc@cam.ac.uk,Polygender,10.213.165.246
770,Carlie,Shirrell,cshirrellld@nytimes.com,Non-binary,53.210.76.27
771,Alfonse,Matteau,amatteaule@mac.com,Polygender,171.54.106.192
772,Betty,Dodgshun,bdodgshunlf@yellowpages.com,Male,134.133.238.97
773,Karita,Liepins,kliepinslg@sohu.com,Genderqueer,255.243.24.43
774,Virgina,Cordle,vcordlelh@apache.org,Female,175.182.65.143
775,Rolph,Abercromby,rabercrombyli@php.net,Genderfluid,218.2.103.87
776,Gusella,Franchi,gfranchilj@unicef.org,Polygender,29.204.208.241
777,Rianon,Glynne,rglynnelk@sbwire.com,Non-binary,215.240.93.80
778,Isidor,Heninghem,iheninghemll@examiner.com,Bigender,9.11.75.18
779,Chandal,Sedgeworth,csedgeworthlm@ca.gov,Non-binary,7.252.56.117
780,Aura,Callum,acallumln@virginia.edu,Genderfluid,215.237.232.221
781,Agnella,Starton,astartonlo@ocn.ne.jp,Female,132.93.114.165
782,Garvin,Spurdens,gspurdenslp@gmpg.org,Agender,173.129.31.145
783,Grantley,Dominichetti,gdominichettilq@webmd.com,Polygender,52.131.72.107
784,Donall,Schiell,dschielllr@china.com.cn,Polygender,207.76.41.119
785,Sonny,Guillet,sguilletls@bravesites.com,Agender,88.105.185.251
786,Arie,Patriche,apatrichelt@shareasale.com,Genderqueer,41.119.236.176
787,Rochette,Ingledow,ringledowlu@blogspot.com,Polygender,230.218.1.107
788,Fee,Brayfield,fbrayfieldlv@mac.com,Genderqueer,132.116.52.128
789,Babita,Frie,bfrielw@sourceforge.net,Female,226.128.229.108
790,Evelyn,Pinchin,epinchinlx@mayoclinic.com,Non-binary,117.146.227.177
791,Lira,Kerrod,lkerrodly@people.com.cn,Genderfluid,17.159.7.143
792,Riley,Excell,rexcelllz@nps.gov,Genderfluid,46.3.199.159
793,Zea,Ballaam,zballaamm0@istockphoto.com,Male,222.212.136.22
794,Joey,O' Concannon,joconcannonm1@theglobeandmail.com,Agender,27.143.163.229
795,Maudie,Hembrow,mhembrowm2@free.fr,Polygender,35.47.105.196
796,Kylynn,Frantzen,kfrantzenm3@360.cn,Agender,167.243.243.34
797,Karlotta,Hornig,khornigm4@free.fr,Genderqueer,250.145.4.5
798,Yancy,Bosch,yboschm5@virginia.edu,Genderqueer,39.101.94.135
799,Loraine,Parman,lparmanm6@psu.edu,Genderfluid,215.157.120.62
800,Whitby,Targett,wtargettm7@weibo.com,Agender,17.83.214.61
801,Dorotea,Sivyour,dsivyourm8@usda.gov,Polygender,25.136.89.135
802,Benn,Ovid,bovidm9@google.ru,Agender,55.54.18.215
803,Hunter,Fawlo,hfawloma@ask.com,Non-binary,250.212.100.110
804,Collete,Mathys,cmathysmb@t.co,Genderqueer,138.160.21.155
805,Terri-jo,Ineson,tinesonmc@dot.gov,Female,223.243.165.229
806,Cullan,Carnson,ccarnsonmd@mit.edu,Male,71.42.149.250
807,Kayla,Pomphrett,kpomphrettme@ucla.edu,Genderqueer,5.208.13.219
808,Nicholas,Bulteel,nbulteelmf@sbwire.com,Agender,77.48.252.111
809,Ninnette,Bresnen,nbresnenmg@istockphoto.com,Non-binary,122.159.56.215
810,Teena,Glowacz,tglowaczmh@bloomberg.com,Genderqueer,165.106.183.62
811,Ogden,Whitters,owhittersmi@mlb.com,Non-binary,69.226.95.150
812,Shalna,Oakeshott,soakeshottmj@yandex.ru,Genderqueer,50.57.13.32
813,Frasco,Bumpus,fbumpusmk@bbb.org,Bigender,114.28.107.163
814,Carlina,Swetland,cswetlandml@soundcloud.com,Non-binary,1.175.252.75
815,Malinda,Wilmore,mwilmoremm@whitehouse.gov,Polygender,98.50.112.221
816,Spence,Simonnet,ssimonnetmn@free.fr,Female,222.23.221.245
817,Fredia,Gradwell,fgradwellmo@godaddy.com,Polygender,233.194.31.188
818,Aldric,Janout,ajanoutmp@oracle.com,Non-binary,25.166.187.245
819,Emalia,Grute,egrutemq@google.it,Male,162.211.174.19
820,Jo,Saxton,jsaxtonmr@senate.gov,Genderfluid,84.23.180.194
821,Perkin,Amesbury,pamesburyms@clickbank.net,Bigender,142.146.62.108
822,Galina,Brickstock,gbrickstockmt@cdbaby.com,Polygender,3.52.177.88
823,Sandi,Peel,speelmu@moonfruit.com,Non-binary,42.76.250.224
824,Goldina,Jelf,gjelfmv@google.ru,Non-binary,99.213.51.76
825,Mercie,Connell,mconnellmw@smugmug.com,Non-binary,229.19.235.14
826,Derk,Parkhouse,dparkhousemx@pcworld.com,Genderfluid,218.125.229.112
827,Dido,Sawyer,dsawyermy@reddit.com,Genderfluid,62.201.254.60
828,Zorah,Randall,zrandallmz@whitehouse.gov,Bigender,91.16.219.44
829,Sly,Igglesden,sigglesdenn0@telegraph.co.uk,Agender,148.22.74.195
830,Gordy,Greenham,ggreenhamn1@amazon.com,Agender,159.4.100.78
831,Lelah,Colbridge,lcolbridgen2@cbsnews.com,Male,250.73.191.3
832,Jock,Aleksashin,jaleksashinn3@seattletimes.com,Polygender,36.169.154.181
833,Morty,Nice,mnicen4@oaic.gov.au,Genderqueer,185.10.103.98
834,Friedrich,Dutt,fduttn5@theguardian.com,Male,192.224.220.173
835,Catrina,Villaron,cvillaronn6@fc2.com,Genderqueer,78.14.71.77
836,Rasia,Binford,rbinfordn7@fotki.com,Female,64.200.206.28
837,Meris,Trassler,mtrasslern8@smh.com.au,Polygender,28.220.52.35
838,Marcos,McCaughran,mmccaughrann9@quantcast.com,Agender,147.136.170.110
839,Jennette,Pitkeathley,jpitkeathleyna@livejournal.com,Female,26.65.154.192
840,Rog,McBratney,rmcbratneynb@cnet.com,Genderqueer,144.20.168.230
841,Teodoor,Cisneros,tcisnerosnc@unblog.fr,Genderqueer,237.107.17.192
842,Killian,Pavese,kpavesend@tinypic.com,Polygender,167.155.132.46
843,Burt,Cammock,bcammockne@com.com,Polygender,60.78.238.254
844,Blondell,Merrin,bmerrinnf@samsung.com,Polygender,169.73.237.25
845,Ninette,Hearse,nhearseng@feedburner.com,Non-binary,235.201.42.195
846,Norris,Brownsell,nbrownsellnh@yolasite.com,Genderfluid,58.227.6.194
847,Allsun,Cogan,acoganni@elegantthemes.com,Genderqueer,121.93.49.225
848,Kristoffer,Rawll,krawllnj@zdnet.com,Agender,118.248.160.73
849,Cordy,Renne,crennenk@macromedia.com,Agender,152.54.162.93
850,Jerrilyn,Maypes,jmaypesnl@nifty.com,Non-binary,28.41.60.37
851,Samuel,Wanstall,swanstallnm@pen.io,Male,3.180.149.48
852,Deeann,Polden,dpoldennn@google.ca,Non-binary,155.62.125.158
853,Liva,Rowston,lrowstonno@addtoany.com,Genderfluid,125.157.222.211
854,Franky,Christofol,fchristofolnp@infoseek.co.jp,Polygender,184.246.197.110
855,Cody,Bush,cbushnq@yolasite.com,Non-binary,9.38.3.181
856,Geri,Michie,gmichienr@constantcontact.com,Female,161.196.222.175
857,Corly,Donovin,cdonovinns@fda.gov,Agender,100.156.134.0
858,Celesta,Ferguson,cfergusonnt@mediafire.com,Polygender,46.101.44.113
859,Laureen,Kinder,lkindernu@1und1.de,Male,234.21.185.107
860,Nettle,Drezzer,ndrezzernv@myspace.com,Agender,230.4.174.149
861,Corenda,Worster,cworsternw@nifty.com,Genderfluid,129.187.22.34
862,Ginny,Mcwhinnie,gmcwhinnienx@goo.ne.jp,Female,92.190.210.209
863,Mona,Waller-Bridge,mwallerbridgeny@ft.com,Agender,16.252.16.19
864,Gui,Mackleden,gmackledennz@squarespace.com,Male,17.220.255.120
865,Vittorio,Gooderick,vgoodericko0@feedburner.com,Male,99.78.163.102
866,Guthrie,Worsam,gworsamo1@sbwire.com,Genderfluid,25.159.225.153
867,Costanza,Andresen,candreseno2@photobucket.com,Male,98.139.56.219
868,Eadith,Glyde,eglydeo3@addtoany.com,Non-binary,87.67.208.82
869,Christiane,Eccles,ceccleso4@reference.com,Genderfluid,73.233.161.96
870,Humfried,Lodo,hlodoo5@elegantthemes.com,Bigender,54.207.79.82
871,Bobette,Bester,bbestero6@vkontakte.ru,Male,175.81.0.254
872,Camel,Gillio,cgillioo7@artisteer.com,Genderfluid,40.252.14.40
873,Allyn,Camili,acamilio8@auda.org.au,Non-binary,64.241.66.68
874,Hadrian,Gear,hgearo9@studiopress.com,Non-binary,59.200.42.5
875,Dyanna,Lucas,dlucasoa@zdnet.com,Female,234.66.203.34
876,Lauralee,Powney,lpowneyob@homestead.com,Bigender,210.201.69.113
877,Phillie,Murfill,pmurfilloc@house.gov,Non-binary,222.164.103.180
878,Gaynor,Horrod,ghorrodod@blinklist.com,Non-binary,199.106.163.122
879,Felicia,Iskov,fiskovoe@multiply.com,Female,9.251.148.176
880,Dell,Klugel,dklugelof@google.co.jp,Genderfluid,143.116.183.37
881,Pauli,Nelane,pnelaneog@theguardian.com,Female,213.207.49.117
882,Joel,Tatnell,jtatnelloh@wsj.com,Male,89.132.16.204
883,Stearne,Cattroll,scattrolloi@nydailynews.com,Bigender,0.1.140.241
884,Trude,Mordey,tmordeyoj@loc.gov,Male,189.185.134.224
885,Waneta,Searson,wsearsonok@plala.or.jp,Bigender,180.224.206.155
886,Morry,Heddy,mheddyol@about.com,Agender,56.0.90.98
887,Afton,Hanratty,ahanrattyom@dropbox.com,Male,248.234.148.75
888,Joaquin,Southcoat,jsouthcoaton@pinterest.com,Non-binary,110.92.154.168
889,Klarrisa,Heyburn,kheyburnoo@mozilla.com,Non-binary,243.235.6.180
890,Trude,Huelin,thuelinop@latimes.com,Genderfluid,161.21.115.54
891,Shelly,Hoffner,shoffneroq@people.com.cn,Bigender,96.191.152.130
892,Maurise,Boyce,mboyceor@vimeo.com,Bigender,36.191.235.201
893,Benny,Wixey,bwixeyos@wikimedia.org,Male,168.181.135.119
894,Sam,Hingeley,shingeleyot@gravatar.com,Genderqueer,154.235.208.30
895,Engracia,Scott,escottou@europa.eu,Non-binary,142.12.249.137
896,Hedvige,Zima,hzimaov@time.com,Genderqueer,193.165.138.113
897,Jessica,Blanch,jblanchow@macromedia.com,Male,209.88.206.15
898,Rebeka,Cleiment,rcleimentox@intel.com,Genderqueer,100.211.112.184
899,Royce,Leckenby,rleckenbyoy@mit.edu,Genderfluid,147.19.32.125
900,Ogdan,D'Antoni,odantonioz@paypal.com,Female,97.234.150.89
901,Mohandis,Blanchet,mblanchetp0@aol.com,Bigender,123.85.140.54
902,Valida,Staker,vstakerp1@hatena.ne.jp,Agender,190.168.121.171
903,Evania,Purver,epurverp2@abc.net.au,Agender,224.212.243.142
904,Ewart,Malafe,emalafep3@vimeo.com,Bigender,167.188.202.22
905,Nanine,Basil,nbasilp4@bbc.co.uk,Genderfluid,232.49.185.109
906,Stefano,Covolini,scovolinip5@feedburner.com,Non-binary,179.216.41.208
907,Torrance,Dyche,tdychep6@naver.com,Genderfluid,61.29.200.97
908,Desmond,Askaw,daskawp7@examiner.com,Male,144.111.205.24
909,Artemis,Poxon,apoxonp8@webs.com,Female,100.184.127.165
910,Clotilda,Carreyette,ccarreyettep9@hexun.com,Non-binary,6.220.46.70
911,Cordy,Krikorian,ckrikorianpa@cnn.com,Genderqueer,187.74.153.173
912,Anallise,Kean,akeanpb@time.com,Agender,137.2.5.36
913,Matthiew,Standing,mstandingpc@phpbb.com,Genderfluid,140.141.49.191
914,Vasili,Sorsby,vsorsbypd@wordpress.org,Polygender,83.112.39.215
915,Gunner,Bulstrode,gbulstrodepe@icq.com,Female,240.112.124.246
916,Eamon,Aimeric,eaimericpf@wikimedia.org,Genderqueer,186.6.105.94
917,Aleece,Del Dello,adeldellopg@wikispaces.com,Female,120.107.122.121
918,Sancho,Bert,sbertph@microsoft.com,Genderfluid,186.231.63.210
919,Janaye,Screeton,jscreetonpi@shutterfly.com,Bigender,99.229.198.127
920,Kellen,Whittick,kwhittickpj@printfriendly.com,Genderqueer,207.126.25.205
921,Evin,Rainforth,erainforthpk@posterous.com,Female,146.69.55.139
922,Caspar,Mechell,cmechellpl@shareasale.com,Female,1.255.79.104
923,Lorette,Meeny,lmeenypm@stumbleupon.com,Genderfluid,154.111.102.230
924,Andros,Reeves,areevespn@samsung.com,Genderqueer,23.59.64.95
925,Jessie,Whetnall,jwhetnallpo@aboutads.info,Genderqueer,197.111.190.252
926,Trever,Hyde,thydepp@unblog.fr,Genderqueer,48.211.84.28
927,Lou,Rowesby,lrowesbypq@imdb.com,Male,228.112.51.210
928,Gladi,Phillps,gphillpspr@businesswire.com,Genderfluid,106.26.105.234
929,Britte,Dickin,bdickinps@weebly.com,Genderqueer,103.235.190.6
930,Staford,Rooze,sroozept@mit.edu,Genderfluid,181.254.136.117
931,Mortie,Reichartz,mreichartzpu@slashdot.org,Bigender,108.51.138.177
932,Terrye,Vinker,tvinkerpv@ox.ac.uk,Polygender,17.226.186.136
933,Nonnah,Engall,nengallpw@psu.edu,Genderfluid,47.202.153.36
934,Zach,Iacovolo,ziacovolopx@zdnet.com,Polygender,6.105.47.84
935,Hamilton,Bamb,hbambpy@sitemeter.com,Female,61.139.14.108
936,Elnore,Bourrel,ebourrelpz@hubpages.com,Genderfluid,13.123.103.14
937,Major,Maidlow,mmaidlowq0@nsw.gov.au,Male,123.227.78.255
938,Jeralee,Petherick,jpetherickq1@latimes.com,Female,90.133.235.136
939,Meriel,Ondrasek,mondrasekq2@ask.com,Genderfluid,5.114.42.220
940,Lonni,Paullin,lpaullinq3@sciencedaily.com,Female,143.103.16.207
941,Zacharie,Alliband,zallibandq4@dailymotion.com,Bigender,248.127.1.143
942,Claudina,Meah,cmeahq5@infoseek.co.jp,Female,247.153.209.240
943,Francois,Pinner,fpinnerq6@umich.edu,Agender,67.92.204.250
944,Purcell,Jost,pjostq7@reddit.com,Agender,144.217.91.1
945,Harwilll,Grzelewski,hgrzelewskiq8@fema.gov,Female,232.188.133.119
946,Martin,Stanmore,mstanmoreq9@google.com.br,Bigender,224.113.140.208
947,Lorie,Gilcrist,lgilcristqa@timesonline.co.uk,Genderfluid,2.219.166.118
948,Saba,Stansfield,sstansfieldqb@netlog.com,Agender,120.20.246.14
949,Bertrando,Brecknell,bbrecknellqc@myspace.com,Genderfluid,184.153.179.121
950,Sammy,Ewan,sewanqd@discuz.net,Non-binary,13.164.178.13
951,Glen,Cammidge,gcammidgeqe@state.tx.us,Female,137.52.81.177
952,Blondie,Gerred,bgerredqf@tinypic.com,Agender,2.187.250.199
953,Amii,Sutor,asutorqg@google.ru,Bigender,237.211.128.57
954,Sarge,Augie,saugieqh@typepad.com,Non-binary,60.11.77.161
955,Oswald,Dalgarnocht,odalgarnochtqi@devhub.com,Non-binary,93.251.199.165
956,Mignonne,Standell,mstandellqj@ebay.co.uk,Male,27.199.247.142
957,Jeniffer,Kluss,jklussqk@ibm.com,Bigender,67.174.70.91
958,Hilde,Dummett,hdummettql@foxnews.com,Male,221.98.82.24
959,Joscelin,Toffanelli,jtoffanelliqm@dell.com,Agender,218.102.93.109
960,Amos,Burchett,aburchettqn@howstuffworks.com,Genderqueer,165.246.19.34
961,Franny,Cossins,fcossinsqo@indiegogo.com,Non-binary,151.170.113.160
962,Tilly,Martinet,tmartinetqp@themeforest.net,Female,149.220.239.189
963,Jabez,Scammonden,jscammondenqq@noaa.gov,Agender,95.138.91.151
964,Brook,Bardey,bbardeyqr@twitpic.com,Non-binary,136.183.170.118
965,Becki,Caton,bcatonqs@samsung.com,Male,4.11.194.232
966,Lib,Swinfon,lswinfonqt@cnet.com,Polygender,75.150.122.69
967,Darrel,Bosworth,dbosworthqu@wikipedia.org,Bigender,103.141.72.215
968,Haslett,Hallatt,hhallattqv@nature.com,Genderfluid,240.78.247.11
969,Rivkah,Ludwig,rludwigqw@netlog.com,Genderfluid,174.218.212.134
970,Annabela,Blackmore,ablackmoreqx@google.pl,Female,189.22.157.47
971,Wilt,Kleen,wkleenqy@fastcompany.com,Genderfluid,163.110.78.81
972,Bella,Toffoloni,btoffoloniqz@usa.gov,Female,224.180.25.52
973,Leigh,Hanmer,lhanmerr0@hugedomains.com,Genderqueer,38.241.156.137
974,Berne,Fugere,bfugerer1@discovery.com,Bigender,20.192.80.242
975,Gal,Godon,ggodonr2@huffingtonpost.com,Polygender,206.38.141.161
976,Willow,Vernau,wvernaur3@networkadvertising.org,Genderfluid,156.95.72.147
977,Mariette,Ruilton,mruiltonr4@homestead.com,Male,136.195.106.226
978,Nicoline,Gonneau,ngonneaur5@hibu.com,Bigender,65.134.236.145
979,Shayne,MacAskie,smacaskier6@opensource.org,Genderqueer,82.134.69.85
980,Marybeth,Bolf,mbolfr7@mit.edu,Genderqueer,21.125.248.127
981,Conchita,Dewire,cdewirer8@purevolume.com,Bigender,140.62.75.188
982,Naoma,Tapley,ntapleyr9@furl.net,Polygender,56.107.77.196
983,Marianne,Poon,mpoonra@comsenz.com,Agender,95.135.135.140
984,Sherri,Caldairou,scaldairourb@blog.com,Non-binary,121.241.87.102
985,Candra,Hazeldene,chazeldenerc@guardian.co.uk,Male,41.128.248.94
986,Rodolphe,Sitlington,rsitlingtonrd@nba.com,Genderqueer,81.48.46.101
987,Alvan,MacNair,amacnairre@yellowpages.com,Female,51.27.199.211
988,Paddie,Kell,pkellrf@hibu.com,Genderqueer,159.105.255.78
989,Deeann,Rheam,drheamrg@themeforest.net,Male,39.150.34.230
990,Hanny,Samart,hsamartrh@yelp.com,Bigender,60.222.127.104
991,Barry,Tookey,btookeyri@vinaora.com,Genderqueer,138.153.110.151
992,Arlee,Kynett,akynettrj@bloglovin.com,Bigender,25.156.86.94
993,Alverta,Kerrich,akerrichrk@sfgate.com,Agender,224.240.103.236
994,Carline,Feye,cfeyerl@zimbio.com,Non-binary,24.2.59.27
995,Idalina,Niesel,inieselrm@issuu.com,Non-binary,196.61.152.183
996,Ivonne,Bruggeman,ibruggemanrn@upenn.edu,Female,26.62.76.2
997,Arluene,Yurenev,ayurenevro@mtv.com,Genderqueer,8.209.243.73
998,Myrtia,Agutter,magutterrp@disqus.com,Agender,185.91.72.145
999,Hilda,Timbrell,htimbrellrq@qq.com,Non-binary,81.190.176.95
1000,Alla,Yandle,ayandlerr@bbc.co.uk,Female,203.159.226.183
